text,true_label,predicted_label
officialinld jaat bolne ke dhang yeh kyu bata rahe ho ki haar gaye arey bahut tarkeeke hai aur bhi kati pal t co tlnqkqlxwa,Neutral,Negative
rohitku99694321 bbtheorist desimojito nahi yeh upbringing pe bhi depend karta hai kyu parents apne badhte baccho t co qpykgfs5zp,Positive,Neutral
atulsingh asan arey modi govt me minister koi bi ho result to modiji ne jo socha hai wohi hota hai kyu itna pareshaan he,Positive,Neutral
kamaalrkhan if i am not wrong you loved soty 2 naa,Positive,Neutral
rt kimhanbintrash i don t care about shit on loop bc she t co 2asryrrnl8,Negative,Neutral
chaurasiya ajay rssurjewala bjp aur modi ko desh chalana nai aata uska kya ek anpadh vyakti se kya apeksha ki ja t co htmvqojm0c,Negative,Neutral
oneharyanaoffcl socha hi nahi tha aisa bhi hoga sirf rona aur kosna hi h ab tere nasib main everyone know who is janwar,Negative,Neutral
gabbbarsingh bakchodi world cup hai condition favouring heavly bowling first side,Negative,Neutral
smritiirani manakgupta congratulations mam aapki jeet ne 5 salon me jitna apko r modi ji ko kosha gya hai uska da t co zucy1dzicx,Neutral,Positive
rt princesofbusan i love you so much jeon jungkook you are amazing t co owyibydt3s,Neutral,Positive
sardanarohit bahut jabardst rohit sir wse ashutosh ji ko congress ka spokesperson bna dena chaiye bahut dukhi hai bechare,Neutral,Negative
ye kya pehni ho kangna ranaut kisi ka churayi to nahi t co bbc54x3w09,Negative,Neutral
nidhi in jaise bewakoofi bhare patrakaron ki wajah se hi hate increase ho rhikhud apne newsroom me us ldke ko bit t co dvobvz5mpz,Negative,Neutral
i will love you better now sabi nung kanta sa playlist ng kapatid ko hmm,Neutral,Positive
perilouspooja sidha bachha sidha bachha happy birthday to you ashish may god bless you and give you a hot and t co gi3gdfncez,Neutral,Positive
wah wah atif atifthepoet zanjeer salaamat hay jhankaar salaamat hay thank you salmanhydr awgoraya for your t co tdg8f3onjt,Neutral,Positive
rt itsalia x i first saw her as kumud in saraswatichandra i liked her that time also but bepannaah made me fall in love with her jen,Positive,Neutral
allah is mubarak maheenay ke sadqay pakistan ko is wc me kamyabi ata kr or is saal ka wc pakistan ki jholi me daal t co m4rxgikhdx,Positive,Negative
shehzad ind smritiirani rahulgandhi ye insaan smriti ji aur modi ji ke pichhe hath dhokar padd gaya hai har t t co mucaajjd87,Neutral,Negative
vegerotjsp rajesh rajee im arani bezawadodni2 lavangam35mm varna hilane ke layak bhi nahi rehga,Negative,Neutral
on repeat chl rha hai song sir gbu waiting for movie waheguru ji kare super duper jave aa movie diljitdosanjh t co plzkg2h3iz,Neutral,Positive
tariqrana g 55 goldenfish0o hindustan mein hindu muslim ek dusre ke dushman kabhi nahi the ye to kuch political p t co vftb7wcwne,Positive,Neutral
bilkul g ye ghatiya log abhi enko badalna hi hoga jo greeb kashmiriyon ko rs 500 me kharid kar unse forces ko patha t co thlrwxiog1,Neutral,Negative
pandajay congrachulation i am with you i am from jajpur odisha dharmasala constitutiona jenapur mandala good ble t co 82ccblop1l,Neutral,Positive
bol duk n d r ki ky ch hiye tumhe jo bh kahoge mer duk par vo p oge mai ne kah ki kutte ke kh ne k cak t co ffaww09qgx,Neutral,Negative
varshu offical iam prash04 deep deepika006 dazzling snehal prakashachary1 bhau60625419 akashofficiall t co t3uegomsgl,Neutral,Positive
din iftaar k intezaar may guzar jata hay or raat unky intezaar may my life in a nutshell,Negative,Neutral
vrbonam megha94507473 angadi ashok zaidzamanhamid bheek maangne ka naya tareeka ghar me nahi daanee amm t co 49fqrxqbzw,Neutral,Negative
aamirliaquat imrankhanpti assalamualikum sir is eid ko ak family apne abbu ke sath t co pq6qf5jl2r,Negative,Neutral
kardia i get you it s all so cute,Neutral,Positive
sambitswaraj sorry to hear this but koi baat nahi sir desh mai modi sarkar agaya,Positive,Neutral
rangoli a watt lg gyi fake victim card khelne ki metoo exposed t co j9m7suujch,Neutral,Negative
kapilmishra ind kapil ji namaskar a good suggestion let's tweet all to didi in her twitter act jai shree ram,Positive,Neutral
arunkumar783 khulkar bolo kamleshrti rfpgrp ke officer se le kr constable tk ki ye paisa jata hain railway ka b t co ggp7utxrny,Positive,Neutral
hate this kutta khansi coughing my lungs out and getting embarrassed,Neutral,Negative
bainjal pmoindia pragya thakur ke bhopal mein jeet se ye sabit ho gaya hai hament karker ji desh dhrohi the tatha t co iphtjajppc,Positive,Neutral
msisodia itni imandar ki congress ke pairo me gir gai ls election me sir kam kr lo ap log twitter twitter mat khelo,Negative,Neutral
rt razzzzzzza okay momwe friends are planning a trip mom nahi betaajkl k dost bht kharab haikhud parhai kr lety pr dosrun ko kharab,Negative,Neutral
dgsab babapakistan1 serif aik teekay ke zaroorat hay baqi sub set ho jay ga,Positive,Neutral
pmoindia pm modi g please sabse pehle aap india mein awara gomata ka kuch kijiye bahut bad condition in cows hungr t co 39056ycipo,Neutral,Negative
not sekcy mis bayy noorulaintariq1 aintyou3 notyourbishh la ya li yes i'm witch,Positive,Neutral
me nahi manti is election me bjp ki jeet ko me nahi manti modi ko desh ka pm evm me hera feri kar k jeet hasil t co nwcl080kkg,Negative,Positive
agar congress party hinduo ke liye apni vichar dhara nahi badal sakti to hindu congress party ke liye apni vichar d t co nbpaxq1egs,Positive,Neutral
bunnyyggukk lalalaseokjin leiaxoh omgggg legit we areeeee the same ilysmmmmmm thank you for coming into my t co 5yn0mnxrrh,Negative,Positive
nupursharmabjp nsitharaman absolutely as we are looking for a naya bharat and all religions need to support it t co 1r3m6qwhxo,Neutral,Positive
affects haha you cant even speel goad write dumy,Negative,Neutral
srinivasiyc rahulrpyc iyc delhipyc keshavyadaviyc priyankagandhi chotiwala amityadaviyc great keep it up bhyya,Neutral,Positive
krkboxoffice anything u r against becomes hit u no more relevant kamaalrkhan,Neutral,Negative
modi ji ye sab to hota rahega lekin pehle ram mandir banawao dhara 370 hatao hindurastra ghosit karwao logo t co 6graqxh2hz,Positive,Negative
natz slays tu to rcb ke grp se he ab purani ho chuki sone de ab,Neutral,Negative
me dong waka tutor close ang school ako pag umangkon nga 5yrs old really this is the best day ever nisayaw me t co gtqszmndeo,Positive,Neutral
talathussain12 meri herani khatam ho gae hai kyu ke i finally understood ke tumhe geo se kyu nikala khabar confirm to kr lya kr loro,Negative,Neutral
klrahul11 imkuldeep18 hardikpandya7 yuzi chahal kya woh karke aae h kya achi batting,Negative,Neutral
evm ke khilaaf ab shashtra andolan ke siwai aur koi chara nahi 85 moolwasiyon ambedkar tumhare kisi kam nahi aaya t co a7bmdlmnb0,Negative,Neutral
ye meri copy lekar kyu gya hai usse hw copy krega kya innocent naina yehundinonkibaathai t co tdpmqwlfa6,Positive,Neutral
sarahthyre this is nothing my sister once used fevistick as lip balm,Positive,Neutral
suryavanshi8888 narendramodi manojsinhabjp sabke dil me raj karane vale karmathi neta manoj sinha ji zindabad zi t co cqrlymrfni,Neutral,Positive
drsmfanclub doc thats why pak army make it public that no one will be free anjam yai hona hey en sab ka badm t co 6hgxnd0pww,Positive,Neutral
diljitdosanjh diljit paji i saw the shaada trailer maza ah gya paji bhut vadiya lagya nd happy too nd i knw my d t co oof7aduc4q,Positive,Neutral
my advice to the pakistan team today is what o ye ki paain yakee lagai hai ja kr pakory bechh cricketworldcup2019 pakvwi wc19,Positive,Neutral
rt jcoupon3 vj mk52 fair enough but you understand that 80 india understands hindi ab isko aap 1000 baar read karen and take shower,Positive,Neutral
owaistohid ki munafiqat dekhein iramizraja ne jab mulk lootne waloon ke khalaf tweet ki to bhi ne itna ghussa ki t co 0skkxxy6xb,Neutral,Negative
pk11984161 jai shri ganesha good morning t co kdvaoymsxn,Neutral,Positive
sushmaswaraj respected susmaji mam appki iss desh ko abhi bhi bohot zarurat hai mam pls return to ur ministry p t co kvgd85fpra,Neutral,Positive
newrikarashi you can imagine how i sing this song with kiay hahahahaha,Positive,Neutral
i always say this hume logic predisposes it offensively you re lack of relevant information renders you exposed t co zkw4yo2rn5,Neutral,Negative
dil jigra ek he hi lekin ispe har bar kurban kar du bharat ki shan salman khan t co dhheyz38o8,Positive,Neutral
baati chokha restaurants kholne ka mtlb koi sense of responsibility ni haikharab khana dete hai customers ko,Negative,Neutral
maryamnsharif fikkar naa karo ye jo ab chand patwari rah gai hai in ki nasal tumhari agly nasal ki ghulami kare gi t co vpxfvnw1om,Neutral,Negative
awgoraya afwahain tere baap kuttey ke marne ki thin lekin bhonk kar tu bata raha he tera baap kutta nhi khinzeer t co cicqf4pysc,Positive,Negative
anupmajaisbjp madam app sabse hm sbko bahut ummeed thi kids app log ek sagi faisla karege but also awgat kara du 6 t co uyzqgq6nr1,Positive,Neutral
vdhillaa boleeh syaratnya rt dan like good luck yaa,Neutral,Positive
thesortedchaos laga hai apke kisi ne wheelchair hi daal di hai tabhi itna dard hai burnol lagao nahi to khooni b t co 4mh7dpbdsb,Negative,Neutral
khanmubeenahmad mmohsinshahzad zaidzamanhamid sekh mujeeb nayla kadri jindawad indian army jindawad jay hind,Positive,Neutral
sadhavi amitshah hathi ke daant hindi proverb you knows very well mam,Negative,Neutral
dramebaaz and the best thing is i don't care,Positive,Neutral
cpm jiska khudka astitwa duniya se uth gaya wah kisiko vishesh position de sakti ha joke of century isn't it t co hkgfwmhyur,Negative,Neutral
kumarabhinay001 shoaib100mph officialslc india ki likhi hui book paru tmra pilot na pakrty tm nay ye b nahi mann t co prhevcqjrk,Positive,Neutral
see the new face of obsessive love the first poster of television actor karanvirbohra's debut film t co gffljgdy3g,Neutral,Positive
rt social ustaaz subh is far better than tahajjud subh is far better than tahajjud subh is far better than tahajjud subh is far better th,Neutral,Positive
engineer huma and u must have said k main patwaran houn aur wo sab samajh gai houngay,Positive,Neutral
rt nsitharaman thank you barkha for your kind words t co enm6sauvm8,Neutral,Positive
rt stupidlarka420 as salam o ali'kum gud morning,Positive,Neutral
shalinispv imac too are ye shekhargupta pagal ho gaya hai ab amitshah se itna bhi darne ki zaroorat nahin hai t co dekhvfzsbt,Neutral,Negative
sajidkhan 16 rssurjewala muslim khud modi virodhi hai modi ne 5sal mai muslim virodhi kuch kiya hi nahi,Positive,Negative
jalebified thank you so much bigade hue dada ji apake muh main laddoo,Neutral,Positive
rt gsxzgxe8mzknuke alwaysstaywithlalisa h y lu n lu n m m c i nh lalisa manoban we love,Neutral,Positive
rt kapil mishra indians liked this prediction and made it come true amitshahhomeministry t co e09atavian,Positive,Neutral
what can you teach us for our path we are who we are because of the opportunities we have had in life we have to t co arowc5whxm,Positive,Neutral
therealpcb sab ko bating dena koi pak se sikho world cup jita k dekhao phir j k k bare mai sochna icc cricketworldcup,Negative,Neutral
madhumishra narendramodi rajnathsingh nitin gadkari nstomar pmoindia amitshah bjp4india great sabka sath t co kqahylsbeu,Positive,Neutral
ye na smajhe nayi sarkar ki janta ne unhe bahut adhik seats k sath jitaya hai unhe ye dhyan rakhna hoga ki unh t co qbdxcjtugb,Positive,Neutral
janm divas ki subhkamnayejinhone desh k liye kalapani jaisi saja ko bhi haste haste saha aur aj hum jaise yuvao k t co 3eczgbtzp5,Neutral,Positive
upcopsachin upcopvishwendra mathurapolice mathuratraffic uppolice wrong side waalon ke tyre puncture karne ka t co tr6dsbcfwo,Positive,Neutral
rt pendushehari confluence of indus and zanskar at nimu is a fav spot in this route fascinated by the spectacular change of colour of bo,Positive,Neutral
gostudyabdullah pakistan may dosra system hota phir bhi overseas pakistanio ka to pocho mat,Neutral,Negative
arunsfan reallyswara yeah itne saal choro ko vote diya aab modiji ko try kar rahe hai we lots for many years t co iwz28vdm9p,Negative,Neutral
gdbakshije ujalo mein main andhere ka kaam nahi hai acche kaam mein mamta ji ka bhi koi koi kaam nahin hai ja supn t co n2gcadtulj,Negative,Neutral
daanishbutt tarekfatah you haraami budday sarfaraz is in fact the only one that has represented his country by we t co xh3ogfsoxz,Negative,Neutral
arvindkejriwal sir enjoy school se 7440 rs return ka msg milta hai or delhi ke guest trs ko etni salary ka msg mil t co p9f10qbtic,Negative,Positive
yasminkidwai followaanchal ranaayyub narendramodi 2 kaudi ki film maker aukat se bahar nikalne k koahish me,Negative,Neutral
ruthe ko manane ki dua wazifa amal tarika aur taweez t co rlkaflrv71 via youtube,Neutral,Positive
prof hariom narendramodi swarajyamag ye log kabhi bhi kisi ke saagein nhi ho saktein kyon ki inki aasmaani kitaa t co 1ndms0fvfl,Neutral,Negative
noturtrash toobzza madam har admi ek jaisa nhn hota or pyar k badle hamesha pyar hi milta hai ye allah ka bn t co grmxm7xocs,Neutral,Positive
rt thedeci mal jab bhi papa dantate the maa ka pallu tyar tha chupane ko that damn mutual understanding,Positive,Neutral
yrdeshmukh ppbajpai kissi ko jaganey ki jaroorat nahi hai ye desh jagh chuka hai aur pakhandi journos ko jaan c t co p2sogaizmk,Neutral,Negative
avantika 23 porinju cutest nhi hai gharjake uss bille ka kya hoga you don't know khub pitega bichara,Negative,Neutral
pakistanimn farhankvirk iqrarulhassan fawadchaudhry logon ka masla b media ka hi banaya hoa ha media khud chand t co qv60ilyspt,Negative,Neutral
itx sanaaa umer19000 matlab tum merey nahi sari sana ke pechey pare ho umer,Positive,Neutral
well finally my pooch made it in a list my blue heeler loooves to hike and show off his backpack the 11 t co mamvcvur5k,Positive,Neutral
smnehad aik aur azeem rehnuma jo kehtey hain k mr jaunga mgr hyderabad main university nhi bnney dunga rehnuma ka ye level,Negative,Neutral
tarekfatah shut up u shit like daduu charger it is our national dress we are proud to wear that in every party t co qmntzcmwwx,Positive,Negative
gaurangbhardwa1 unhe kam samajhne ki bhool mat karna international community me koi dainik jagran nahi padta t co kxclifbafb,Positive,Negative
ye baji nh ye baja hy balky bech wala hy sala koi t co j6nqmxq3az,Negative,Neutral
unkhann fakeionist inko inki auqat dikhani chayea what they don t realise is that they have a following and they t co hv2tu0yiru,Negative,Neutral
romanovsrevenge that's one nice video you got there my ancestors roger and hans would have loved it had they not t co h0ulmtvjba,Positive,Neutral
tejasvi surya dear sir you are entered in cabinet modiji we wish best of luck,Neutral,Positive
narendramodi hearty congratulations prime minister of india sri narendra damodar das modi bhaye god bless you bhaye love you bhaya,Neutral,Positive
rt isabgah make peace with everyone people are dying wallahi this life is nothing you never know we can die at anytime death await,Neutral,Positive
drmdnr railwayseva drm apdj ye he india ka rail koi bhi javab nahi deta or paisa pura le lete he kya drm ya kisi t co 9i71uwhicc,Positive,Negative
jub tak burayi k khilaf ladoge nahi thab tak tum sahi ya haq wale sabit nahi hoge haq ushe nahi kahete jo batil ko t co fomcmc2i05,Neutral,Negative
anjanaomkashyap tumhari rozi roti ka sawal to ayega nahi wo to unofficial bite mil jata hai bjp spokesperson jo ho,Negative,Neutral
rt nowthisisliving happy pride month i hope you feel even the slightest bit of pride in yourself this month i know it can be hard b,Neutral,Positive
k d desai icc lol pyare you may be right our bowling isn t the strongest suit lekin aap to jaante howe pakist t co vv1ktxguu4,Positive,Neutral
maryamnsharif haram khila kar hamey khud jail chaley jatey ho kitney mahaan ho tum baba hamarey itna zaleel ho t co gsfn75wnq5,Negative,Positive
geonews urdu laga shart kch nh hoga bhai hare ho haro gai worldcup nh jeeto gai likh kr rkh lo t co ubepqinq6r,Negative,Neutral
shanaya raval tanusream22 aima dvn27 armaanmalik22 heaters ho to heaters ki awkat me raho jyada achha banne ki koshi mat karo,Negative,Neutral
green top at world cup an aayega mazaa,Positive,Neutral
pontifex kuttar bacca son of dog kutte ki billo waladul kalb,Neutral,Negative
arvindpachauri2 sir ji aapne hamare comment ko lik kiya dhanyawad sir ji aap apney sthar sey pharmacist key liy kuch karey,Positive,Neutral
rt pssaini1 sharadkhurana71 good morning sir my self p s saini from krishi jagran monthly in hindi punjabi gujarati marathi kanna,Positive,Neutral
i blv in karma kisi ke chehre ki muskn chinkr khud kbi khush ni rha ja jo dia h wps m bhi milega t co o8iuh1yxx2,Positive,Neutral
rt sallukhanbeing retweet for this king 5 din intizar k baad raaj ho ga bollywood py salman khan ka bharatin5days t co ntg8ojoa3g,Positive,Neutral
divyanshmohit gulbukhari tum apny indian ki fikkar karo pakistan ko hum khud dykh lyngy mukti bahini 2 nahi ban t co jz4xmvvwlu,Neutral,Negative
shahidmasooddr walikum assalam shahid bhai wish you to a great day happy week of ramadan ahead with lots of ha t co ob6q6hrohi,Neutral,Positive
kuch seekho ye attitude chaiyai agar world cup jeetna hay t co v2of5cs5xj,Positive,Neutral
desistupides kunalkamra88 ab rehene de thapar tera rahul khud ra fail ho gaya hai tu kya karne wala ja kahi t co wkdh6vxrqt,Neutral,Negative
bachpunn iffat s97 nishacharr brahmaandkimaa hot ' kameeney she replied me,Positive,Neutral
drkumarvishwas sardesairajdeep how can a person be that much infected of madhar chodi,Negative,Neutral
nitishkumar mananiya cm sahab ab to apki sarker hai modi ji bhi saath hai to mera app se binarm niwedan hai ki kri t co vswknnxeh3,Positive,Neutral
incmp ye galti ke frame se koe gaya nahi hoga cm sir phir se niskasit samvida karmachariyo ko dhokha mat dijiye t co qyovqid27t,Neutral,Negative
dr panditji dominos you just lost a customer ab tumpe jabtak ispe fir nahi kroge main nahi khane wala,Neutral,Negative
pakistan ke captain ki statement sach saabit ho rhi h pehla hi match buri tarah se haar gyi shi kha tha sarfaraj t co raborsveb0,Negative,Neutral
durfiteymun dhari nahi hoon sabse phar first ones are scary,Positive,Neutral
joydas na na allah ke kisi nek bande ki baddua bhe kaam kar sakte hai enemies pakistan ko destroy karne ke liye t co sifjvci6bz,Negative,Neutral
rt bollywood life kabirsingh new song tujhekitnachahnelage is the new age love ballad filled with melancholy and longing watch video,Neutral,Positive
shekhargupta thejaggi sirjee not taking advise from people who have consistently been wrong is a good start,Positive,Neutral
iamthedrifter change apne naam ki hi laaj rakh lo ye kuttey pakistan aur pak army k khilaaf hain inn ko tou sar t co qhirvbagn1,Neutral,Negative
narendramodi congratulations sir on behalf on india and jan samasya mela bharat on oath ceremony as pm india for t co 952ts5cirf,Neutral,Positive
agar koi bole desh me vikas nahi huva tu hum nahi manege kyunke desh me jana maana gunda bhi desh ka t co 4o9o83extv,Neutral,Negative
congress cwc ne aaj kaha ki cong sanvidhan ki raksha ke liye ladti rahegi kya unka aarth he ki modi sarkar sanvidh t co jgoftubji1,Positive,Neutral
ek bjp hai log sweksha se mantri pad ke liye mana kar de rahe hain aur ek congressi hain ashokgehlot51 t co nraems0qan,Negative,Neutral
chah jau all world ke kisi bhi desh ko bana du ya delete kr du meri marji kyu main kisi bad nhi sirf achha kr na st t co nhl5ole6xa,Negative,Neutral
varshasinghmcx muslim tustikarad hindu virodbhrashtachar public ko bevkuf samajhkar safed jhuthbharat ki sbhya t co jgasypmw2d,Neutral,Negative
muhamma37196903 youtube tseries pakistani nalle itna darte hai humse ki apna chehra bhi nahi lagate profile pic t co qglkj5um6p,Negative,Neutral
if you love them buy them a bhau vadapaav t co sfesn5pxkk,Positive,Neutral
dbinea m asingwire haha era gwe kale no one can decive you about the future you already see the future,Positive,Neutral
rt kumarnigam18 jo log tamilnadu me rehte hai unhey koi problem nahin fir tum logo ko kyun mirchi lagi padi hai wahan v violence crea,Neutral,Negative
felicitous hawk jyada hoshiyar hote hai yeh log number lene ki ninja technique thi voh,Neutral,Negative
cmojharkhand sir aap apne wade ko pura nahi kar paye subcapital mein light ki aise problem pehle kavi nahi hui th t co v8ynkkktqu,Negative,Neutral
rahulgandhi vipaksh mein bhi rahne layak nahi 21 dalon ka vipaksh bhi evm hatao yaa ban evm ke liye andolan nahi t co b6sdmru8ld,Negative,Neutral
sakshijoshii news24tvchannel syedzafarbjp 5 saal sarkar nam ki kendre mein fir bangai ab tumhein bhi sangath ka t co jvsh0ayzki,Positive,Negative
rt chandeluday aaj koi bhi government holiday nahi hai but aaj bhi dumri kalan post office band tha only attendance lagate hai please ta,Negative,Neutral
chhavi i think we need a statute which acts as a strong deterrent for such savage people as rapists and a very q t co jfgbeejyoa,Positive,Neutral
piersmorgan guy like u u can't even run 100 metre even a 15 year old guy can beat u in anything,Negative,Neutral
avnijesh mamataofficial pareshan karke rakh diya hai ye 3 shabd ne mamta ko pehli baar hi ignore maar deti ya s t co wuzn0wnelh,Neutral,Negative
narendramodi respected modi ji sir app india k chor logo k liye kari se kari saza nikaliye chalte firte bag t co bc6ljz3tp2,Positive,Neutral
ashutosh83b apki midea ne pulwama me 300kg rdx kha se aya uski khozbeen nhi ki bas bjp ka parchaar kiya,Negative,Neutral
beingsalmankhan salman sir ji m deepak kapoor rohtak sir ji maine ek film ki kahani likhi hai jo aapko bhot pasand t co stajs2kpqo,Neutral,Positive
sherryontopp dp dekhke to nahi lagta bjp then congress next election bsp aajma lo milna baba ji ka thullu he hai thoko taali,Neutral,Negative
ungraduateg ytcreatorsindia i am big fan of you o will retweet aapka channel jaldi vapas lane ki kushish karuga m t co wtunqjxxpc,Neutral,Positive
dragonhindix bhai me appka bada fan hu amd mujhe anime bohat acha lagta he so please app weathering with you bala t co ncl0tzoldq,Positive,Neutral
xeiauddin elate0309 ibne sena jmukmrpolice crpf srinagar muslims in india are in much better condition than is t co wnkwfodol9,Positive,Neutral
rt maleehahashmey well done army chief two army officers to be punished over leaking sensitive information to state enemies brig,Neutral,Negative
imrankhanpti sir samjh ni ati ap q khamoah hain itne toofan itni afaat allah pak maf kre sirf itne zulm baxheo k s t co 3frzxv9dqt,Neutral,Negative
expressnewspk shamidrees or iski wife ko choor k ye duckybhai or doosra kaun hai pata nhi ye ducky or ye khujli t co aj2gemkjcf,Neutral,Negative
imrankhanpti is happy god has answered his prayers aaj pak mein phatake futenge,Negative,Positive
imrankhanpti pakistan me hindu ladkiyo ki kidnapping aur jabran nikah pe koi kuch nahi kar sakta lekin pakisan ke t co kidnh94k4h,Negative,Neutral
jawadahmadone aik singer r dancer ko kia pta k muslim umma ka dard kia hta h tm stage performer ho whi rho apni t co 31cny23ygw,Negative,Neutral
rt thej p s opinionsrp now that you are no longer his fan please join some other fan club like pulkit samrat or suraj pancholi good r,Negative,Neutral
rubikaliyaquat atleast tv ki pe oath to family dekhti kya dushmani hai puri modi family ko modi se,Neutral,Negative
annucricxpert i think aapako sirf dream 11 pe focus karana chaiye and aap 50 over ka team banao aap free team t co dmyharjxsy,Positive,Neutral
rt srivastava dj madhukishwar pta nhi kyu hindu ladkiyan is gandgi me girti hi ja rhi hain libral hindu hone ka ye result hai it is o,Neutral,Negative
16 ki ledki aur 67 ka budha din pe 3 baar aur week pe 7 din toh uski vagina ki halat kya hoga 1667 3 7 t co c7annpxqfx,Negative,Neutral
bbhuttozardari mna ko kya right he k wo army chek post pe hmla kr de teri siyasat khatm ho chuki beta,Neutral,Negative
rt mlb we see you rocking oakley prizm lenses like thejudge44 rt for your chance to win a pair official rules t co 4tor,Positive,Neutral
mamataofficial o hello kaun ho aap what is your identity out side west bengal through out the country and in the t co urpxz0wdbz,Negative,Neutral
new sarkaar bante hi ye kaam bahut achchha kiya hi modi ji ne thanks modi ji saraabbant t co jd3ozzuwyd,Neutral,Positive
radhikabarman5 congressee very informative article choti ka bada khulasa,Neutral,Positive
reddygaruon dhasu osm pic msg me chat krte h aao,Positive,Neutral
utar63741 tum apna face kanhi aur ja ke kala karwalo desh ko kosane ki jaroorat nahi hai aur jate hue baki ko b t co f6q08yb45p,Negative,Neutral
hahaha this is sooo cool bole toh ekdum hard siddhantchturvd sanyamalhotra07 meninblack mibinternational t co pt8mqd5pud,Positive,Neutral
railwayseva drmngpsecr janta pareshan h sir agr isme action nahi kiya gya to janta aandolan krengi railway aur parking ke naam se,Negative,Neutral
avdeshrawani ap ke cover pic me kisi bachhi ki pic he sayd apki beti he bhot pyari he ek beti ke baap ko ai t co 7x5qbymlks,Positive,Neutral
metoomvmt jaurri ye nahi ki shirf male hee sexual harrasment karte he kahi kahi woman are also found guilty so don't blame every time male,Neutral,Negative
good morning india shubh suprabhat bharat friends wishes you all a happy sunday vande mataram india,Neutral,Positive
light and dark haru are back and better than ever fruitsbasket fruitsbasketspoilers t co y9lecngdrb,Neutral,Positive
i kicked my best friend bcoz i'm sexy t co lttmd3zpty,Neutral,Positive
shirishy isko nikal dia tha world cup 2011 me sayad ek banda call p aya bolta h india england and australia ni ayga semifinal m,Negative,Neutral
rahulgandhi priyankagandhi congress party gandhi pariwar ka bapauti nahi hai congress president gandhi pariwar se t co unczoxhmm9,Negative,Neutral
besides the yankees winning this yankeesclassic the best thing about this game is the fact that murcer and kaat a t co h9ubjix3bz,Positive,Neutral
list aur bhi bht lambi hai pr ye wo log hai jinke baap dada mama rajneeta the aur ab in sb ko janneta manne pe majb t co zexkyz1suw,Negative,Neutral
pawansh07 badlao se problem kya hai kya badlao hone ke bad party khatm ho jayegi dusro ko v moka dijiye a t co lwg5jenwuh,Positive,Negative
adnanrazakhan crisspyguy omgajeebsi nahi woh samjhtay houngay fail hokay ya chars kay chakar may deport hokay agaya hai,Neutral,Negative
ghar walo ki galti ka nateeja hai yeh sab bachpan me do kaan ke neeche lagaye hote to aaj yeh bevkoofi nahi dekhne t co tvhoqy2e46,Negative,Neutral
raypavan42 bksingh40912729 dr uditraj is bat ki jyada nolleg tumko lagti h tabhi to bolne me bilkul bhi sarm nhi t co 8lstlbic2i,Neutral,Negative
ifonlykewal jiske naam pe filme chlti thi na wo usse desh nhi chla wps industry chla gya aur ab industry me bhi nh t co xefzk6f0no,Neutral,Negative
1raykwon yes my anxiety has been really high lately i just been tryna pray shake it off i m deff gonna look i t co bru0mkql3f,Positive,Neutral
rt biju rkf krazydevil5 srk pankhi actually 6 flop movies since 2015 kat has so that means she is a panauti,Negative,Neutral
narendramodi dth providers maalamal ho rahe hain aur gareeb halal please new dth policy band karen bjp sarkar ke t co w5kvq1i0wq,Positive,Neutral
ashoswai indiatoday lo bangaya india super power in education fale liberals and modi haters will start cry that t co pumeqpvxfl,Negative,Neutral
akshayerathi ye toh possible hi nahin hai grow up so pehley i'll throw up thank you so much buddy,Neutral,Positive
dkpatel040 askanshul abe khud se pati hai pata nhi hindu ladkiyon ko kya hua muslim ladke ko hi phansaati hai p t co miawtxstdj,Neutral,Negative
chroniclenufc yeh like is he a real sheik a fake shake or a milk shake is it a take over a make over or a fake over,Positive,Neutral
tvmohandaspai ashokepandit sir these loosers have lost their mind not able to digest the victory of modiji li t co cqrl4kjjvv,Negative,Neutral
rt mariocimarro happy new year bonne ann e feliz a o nuevo laimingu naujuju metu manigong bagong taon szczesliwego nowego roku barka da s,Neutral,Positive
jis sena ke but modi ji chunav me jit kar ate hain bjp ki sarkar wale rajya me unke hi gunde sainikon ko lahu luhan t co v60igarzov,Neutral,Negative
amitshah sir ap se request hai ap bengal me manirul islam ko bjp se bahar kijiea use bjp ki bahut admi ko mara hai t co qu5aa442rd,Neutral,Negative
amitshah evm ghotale se sambandhit ye kitab bjp netao ne hi likhi hai unse kyu nhi puchhate t co bvaetttuys,Neutral,Negative
gulbukhari pakistan us ki vajah se toota tha jis ne 81 seats le kar 160 seats lene wale ko laat mar di thee aur vo t co byyqeqlxvu,Neutral,Negative
masti me sabhe mast ba pawansingh909 t co brapcaat4t,Positive,Neutral
productionaadar jo khan junaid jo genuine issues hai wo hai lakin mai yay maan hi nahi sakta k army walay tort t co cgras7taxf,Neutral,Negative
i hate the feeling that im being sneakdissed and i dont say nothig about it i be feeling like a bitch,Positive,Negative
ashutosh83b media bhed chaal se due rehena achha decision hai media is damaging democracy along with sangh parivaar,Positive,Negative
mera pet dard ho raha jas hash ke ye arsal kitna bada dramebaaz hai specially sahana and bejaan ke samane and t co fzfpahenuk,Negative,Positive
squintneon divya katoch6 ab har baar evm ko blame karenge to log bore ho jaenge na ye sb apni aatma ko shaant krne k totke hai,Neutral,Negative
sy3d33 kuch arse bad chats archive ho jate hai or yaddon ko bhulane ki koshish strt ho jate ha,Negative,Neutral
evm ke harware me setting karke chunaaw jeetaa gya hai election commission pese khaakar bjp ko jitaya hai hardwar t co zaedxelxro,Neutral,Negative
younaskhan86 imran khan ki itni okat nai he k wo pakistan ko 70 saloon me b super power bana day wo hi kr de jo t co 66z6py5ixc,Negative,Neutral
badtaemiz it's alright we can hear the music hoseok really loves her halsey achi baji,Neutral,Positive
chahun mai ye chahun dil se mai ye chahun dragon ke sath ud kar dur desh chale jau t co l1exkykznb,Neutral,Positive
thinktankpmln7 admin tera par lanat and all pmln par lanat kanjars,Negative,Neutral
ganemsalauddin rangoli a kanganateam advani kiara karanjohar tum logo ke bolne se koi fark ni pdta usko usk t co 0tixqx05kw,Neutral,Negative
rt bukowski quote the nine to five is one of the greatest atrocities sprung upon mankind you give your life away to a function that doe,Neutral,Negative
khud ke rs se hi dalwa raha thhaa khangression ki tarah bheekh to nahi maang raha hai t co lwzuhw00tv,Positive,Negative
chitraaum sabdo ke marham se ye gahra jakham dur nahi hoga in bacho aur bachiyo ko bhavbhini sardhanjali aur pari t co 5vi6lfdwyc,Positive,Negative
nai rajya sarkar banana usmen awsya hi bjp mla ko kharidegi to bjp ki niyat par bhi janta men awiswas phelega isliy t co ujgxrqlxgf,Neutral,Negative
rpshrj anupampkher gurudronachrya arre apna failure nehru ke naam laga dete hai ye log gdp ki baat karo pichle t co gizeieumcc,Neutral,Negative
sanakhan pk aurton ki aqal pe prda hy unhen apne elawa kch nzr nh ata,Negative,Neutral
rt darsh89834552 increasessccgl17vacancies pmoindia narendramodi drjitendrasingh modi ji aapko apke vapas se pradhan mantri banne ki,Neutral,Positive
bharat win are bharat win i'm 100 sure pakistan ki napakk hatkato se islam bhi sath hi khatam ho jyega pakistan ke,Negative,Positive
womenofcourage good morning sohne pyare rabb gurmeetramrahim sai ji dhandhan satguru tera hi aasra bless me p t co mooa6pcdff,Neutral,Positive
coruscakhaya patriciadelille nice one khaya i think it s a simple rule of life never write anyone off table t co fg412pzxeg,Positive,Neutral
fut sebtoogood tburrettl kmt can t wait to get my psn back so i can use him got him as red pick,Negative,Neutral
lady rahne very nice ane you killed him with a shotlock hard to do for that boss congrats,Positive,Negative
bengal bjp mei tmc ke kuch galat neta apne app ko bachane ko jogdan kar rahe he isse party ka support barne ke baj t co j2fxr0o0im,Neutral,Negative
ar y k rajivmessage rahulgandhi incindia bjp4india logo ka dimaag chutiyaap hogaya hain haraa dikha nahi ke pakistan se jodh diya,Neutral,Negative
pakistan k army songs suntay he dil krta h bs aj jung ho he jay,Negative,Positive
sardesairajdeep band baja to ab bajne wala h mai to 6months k baad unlogo ki talaash mai nuklunga jo ye bol rahe h t co uocr3uesuc,Neutral,Negative
whosunilgrover sunil sir apki movie aane wali h ek jawab dijiye pls the kapil sharma show me aap aoge aap ke t co 2wo60vbnsp,Positive,Neutral
atifkhan0786786 mere samne mt bolo tum bolne ke layk rhe nhi ho smje bolne ki himmt nhi hoti he to block kr dete s t co ikxhq49exc,Neutral,Negative
asherloraine cheer up hehe labyu t co jeitba5jbj,Positive,Neutral
sureshchavhanke sureshji jayeda se jayeda pead laye wo bi neem ke taki mousam me tandak rahe or ye govt ki hi nhi t co klbkgpvgor,Positive,Negative
upasanatigress aesa to nahi bus inshaniyat honi chahiye warna hindu aaj bhi islamic country me jakar paise kama ra t co ymf3zv3ubt,Positive,Neutral
how's the chamche kya haal hai chamcho ka bada chilla rahe the lahul gandhi bn gaya pm,Neutral,Negative
punkistan pakistan ka worldcup jitega ya nahi worldcup2019,Positive,Neutral
fekoslovakian anuraagmuskaan congress k debate me na jane se iski dukan bandh ho rhi hai iskiye ye bechara bhokhl t co yoajcy6smj,Neutral,Negative
chotay chor hi kal ko daku bantay hin zartajgul should be reprimanded s that yeh kal ko nawaz zardari na banay t co tvigsn4c5d,Positive,Negative
smritiirani bjp4amethi nitin gadkari day 1 kaam chalu salute hai poore bjp4india ko,Neutral,Positive
rt singhpunches jaise hi modi ne aam muslims ka vishwas jeetne ko baat kahi to jhtt se muslims ke thekedaron ke pait mein maror uthne lag,Positive,Neutral
all i m looking forward to insha allah t co rpqrowllg0,Neutral,Positive
haar jeet ek hissa hai jo bahaduri se laden sachhai ke lia bharat mata ke lia wo haar ke bhi jitega wish u bett t co bwiqukms5m,Neutral,Positive
she break up is the worst feeling he kabhi halmet pahen k bike chalatay hoy srr pay khaarishh hoi h,Positive,Negative
hertaetae is hisab se apka jaisa bio hai desiarmyandmint mandir ban jayega zaroor bharat aa gye to,Positive,Neutral
manna pdega ap logoko 6am se continue live repoting krte rhe subh se shaam shaam tak aok shwetasingh t co frvnjl8nap,Positive,Neutral
ravimla1857 adarniya ravi bhai sahab aap ko bjp ki jeet par bahut bahut subhkamnaye ab vesno devi mai ke darsan t co eitejsdyi0,Neutral,Positive
ndtv mai ishwar ki kasam khaya hoon desh ko bech doonga ambani se mil ke evm programming ko chhupa ke rakhoonga t co kiet2epxm7,Neutral,Negative
golden words har lafz me matlab hota hy aur har matlab me farq hota hy zindagi me 2 cheezen totny ke liye tco tebjq35szt,Neutral,Positive
jashipur ka electri department world ka sabse matherchod he aur yeha ka local neta to puchiye mat,Negative,Neutral
sonamohapatra sonytv aur tu is pr bhi attention lele bc itna effort apne jhaant se career ko improve krne me lg t co ef4qrplxbe,Positive,Neutral
me dosti karo gi she nahi mery ghar wale ijazat nahi dete me haan mery abbu to jese pakistan poondi associa t co qievjouesz,Negative,Neutral
beingvipul01 shreyayspeaks kunalkamra88 swamy39 court to wo modi se pehle bhi ja chuka hai 5 saal me feku ne k t co 8amgpwxr4o,Negative,Neutral
to all congress supporters remember maukamauka ad on star sports during cricket world cup keep your crackers for t co fcn2gzw6xe,Neutral,Positive
pahuch gya vikrantgupta73 bc karne uk shubham04 keep an eye on him,Negative,Neutral
trafficggm singh mighty dcptrafficggm concerned ti ko yeh khud dikhai nahi deta will you take action against the concerned ti as well,Negative,Neutral
aise ladegi congress sangh aur bjp se haar ka sabse bada reason soft hindutva hai rahulgandhi t co oackmwun4h,Negative,Neutral
rhysstrongfork rhy i cant you just reminded me why i love the fuck out of you though,Neutral,Positive
is baar rohit fhir 200 run banayenge aur india vs englnd final india 3run se jitega india askstar,Positive,Neutral
yadavakhilesh babuya kya karoge aab obc aur sac st ke dialogue bhi kaam nahi kar raha no modi will ban caste sys t co o4fkigmblj,Neutral,Negative
tarekfatah i am really proud of my team s captain for promoting our culture nothing wrong with that chotay dimaa t co n9rpfzrhsn,Neutral,Positive
bhootsantosh nahi chahiye 5 kg gas cylendar main bhi scientist modi sahab ki tarah naale ki gas se chai pakoda ban t co eeeeuteuou,Positive,Negative
all secularists should sit outside mandir with bheek ka katora allah ke naam pe de de baba what did you learn a t co a66droepgp,Negative,Neutral
zeenewshindi language problem players samze 100 dijiye 5 jyada de diya,Neutral,Negative
kyaaa happy birthday jyuto posting a day late but so happy the few jyuto items i decided to purchase actually t co xiicvqpsyq,Neutral,Positive
phata dhol my bad cant be agree more we are way far safer within family marriages at least our parents ancesto t co nsphmvhczw,Positive,Neutral
warsisony mera behen warsi sony me esiliye evm nahi ka gutala nahi mantahu kiu ke congress sp bsp ncp aur dus t co v9m1hckvqn,Negative,Neutral
itsbrayo2 djtenkenya alibabakenya milele fm happy madaraka day m'press gladyshope6 elewa reggae apana lewa reg t co b6xik6gajj,Positive,Neutral
shikarpur siddique maari soomra muhallah curcular road samait mukhtalif elaiqon ki bijlee guzishta 18 ghanton se band shahri pareshan,Neutral,Negative
sachinyadavvv pagal aurat iammafiaa imrankhanpti itne kalay log pakistan mei nahi hotay hamary bhikrai bhi amb t co sjsniaimju,Negative,Neutral
roflgandhi shayarimran nehru gandhi ke nikammepan ko sirf 10 saal me hi thoda hi theek kiya ja sakta hai iske l t co dkrsgt4oen,Negative,Neutral
bhimarmychief mein bhim army ke sansthapak chandar shekhar ajaad ji ko sadar pardam kata hu aur mein kahana chahat t co zxzg8zes1m,Positive,Neutral
piyushgoyal narendramodi piyush ji desh ko aapse bahot ummid hai indian railway china railway se better honi chahiye,Neutral,Positive
arcinme debkumardasgup1 tomarrawat sulagnadash6 ashokepandit gvnair91 lol chacha ka majak nahi chacha mc bc start kar denge,Positive,Negative
guys fyi i changed my username from sopesnakeu to hoseokvotary hope you remember mee hehe,Positive,Neutral
swayampriyajiii virusuncle virusuncle k aise hi notifications km ni hote hmlog jhooth ka ar badha rhe hai block maarenge dono ko,Neutral,Negative
ye do kaudi ka feminism apne paas hi rakho dulhe ki dulhan hi hota hai na suraj ki dulhan nahi likhegi to ky t co oey9ygmrxz,Negative,Neutral
shreytiwari7 rajatpraja1234 nitinbhansali priyankagandhi lekin tumhe matlb ki baat isliye pta nhi chlti kyoki t tco km0qsfpcvf,Negative,Neutral
drkumarvishwas aap bhi nikle the lekin halaat yeh hai aaj kal dhobhi ka kutta na ghar ka na ghaat ka or jinke k tco oroci0k110,Neutral,Negative
dear students agr tumne kabhi tumhare tuition teacher ko fees ke liye nahi rulaya to kese student ho tum,Negative,Neutral
nationalist om aap sab accha ho par ram rhim such banda hai inhe nikle t co 8bko6lcxtj,Neutral,Positive
vaishnavimac hiiii doll mom ibam ur big f n mom ivask u some about my life inbox me please m hmesa apke ley t co j6o8z3yyau,Positive,Neutral
paksarfrazbugti aaj bughti sb ne jo vedio share ki he is vedio ko koi media nahi chalaye ga is se mengal sb ki r t co opulc7hdha,Negative,Neutral
rt its wrath hi ooooo i love this a lot thanks turly032 t co iblciznie2,Neutral,Positive
sidtanwar rahulgandhi with love chor bolo with love beech bolo with love maut k saudagar bolo with love bic t co mvduhboahf,Negative,Neutral
next trip i go on needs to be a baecation well when i get a bae lol we going somewhere,Positive,Neutral
nehabansalbjp baki abaadi ka bhi nikal ke bolte tho achha lagta why polarising better shut for 5 years,Neutral,Negative
still when i watch this episode with my mom she says no one is like shah rukh iamsrk i believe you rule ov t co 4jyf5ogr58,Positive,Neutral
lizreedpah you are beautiful looking very beautiful i want to friends ship with you my name raza bhatti i leve in t co a8rnoadnm9,Neutral,Positive
how can people consider if a girl using social media it means she wants to sell herself log social media ki k t co zroxb8lqng,Negative,Neutral
nikal gya wo kandhe me maa bap ki ummeed leke vha phochte hi ni samhal paya apne kandhe ke bojh ko or gir gy t co c38ob9wejo,Neutral,Negative
rt evolveleadlove sherbet of the day is kacche aam ka sherbet raw mango sherbet pulpy filling sweet sour tasting juice helps fight he,Positive,Neutral
shivaroor not a modi fan here bt idk how they can preach love when they tweet modi should die matlab khud ke di t co rqug0l9loe,Neutral,Negative
iqrarulhassan fabiha cat world best bro iqrarulhassan slam h apko,Positive,Neutral
subhashpophale simplyashokkr vikasbha abpnewshindi even the person sharing it knows it is fake not only this v t co lmzhgxxdqs,Negative,Neutral
manniy pm modi ji ko chunav me jeet hasil karne par bahut bahut subhkamnaye t co ur4ssl1p1r,Neutral,Positive
rt sanayairanifc such a beautiful photo sanaya with the parents to be barun and pashmeen alongside mohit dalljiet sakshi and akshay,Neutral,Positive
rt jennapal music is my life thank you to chhote ustad salman ali for posting this on his instagram stories today salma,Neutral,Positive
holykaaba sabhi ko jai shri ram dusri baat hamare desh ke musalmano ko batao ki modi ji aye hai wo bhi allah ki h t co jel6hagnfr,Neutral,Positive
yaar bc koi iske saath khellou hadd hoti hai ignorance ki t co r5csrxephb,Neutral,Negative
hope someday charminar doesnt turn into a vendors cloth hanger chaddi sale spot sale right onto the gulzar hauz t co zl8ezhto1b,Positive,Neutral
saket71 mamataofficial or congress jal ke rakh ho rahee hai aur baba ab bhi jhoola jhool rahe,Neutral,Negative
syeda2246 nahi nahi nahi hargiz nahi dr k pass jane se pehle main bhi aisa sochta tha aap ko bhi zaroor jana t co p8kazihznj,Positive,Neutral
mushira91841522 rubikaliyaquat mushira91841522 wahi jo phle bolti aai h triple talaq band karo halala band karo t co cam1tw309g,Negative,Neutral
worldnotobaccoday parmatma ko prapt karne vale marg ko tambaku ka dhua band kr deta he is liye tambaku bhagt ke t co bnug0jbpfx,Neutral,Negative
and you people give respect to him lol jo apne motherland ka nahi hua tumhara bhi nahi hoga india me bhi kai kami t co jsyorz7fio,Negative,Neutral
incindia rassi jal gaya lekin aithan nahi gaya rahulgandhi 52 hi kari ho bjp ke liyeinch inch ki ladai karoge t co wtyg3kvad9,Negative,Neutral
mahlogo nolo weni ankere o gae this weekend,Positive,Neutral
hardikpatel itna kya bokhla gaye jo yahi bhul gaye ki bharat ki janta ne hi bjp ko chuna hai hare hai desh k gad t co u8ma228bui,Positive,Negative
pendharkarrahul sir hum aapki tarah virat kahan aap to hit hain aapne to 5 saal pehle bol diya tha ki nda ko 3 t co k6h9cgcm4s,Positive,Neutral
majorgauravarya iboredbanker jay hind jay jawan jay bharat i proud to be indian army bhartiya jawano par hame ga t co 3vbwtrvkao,Neutral,Positive
govt na sub ko court ka pcha laga deya kui be govt fail h ke bat nai kr rh is ka faida pti ko ho ga,Positive,Negative
hj6fyqsscudclt5 rapstar surya surya ji kyu chinta kar rahe h inkrle 1 inch jameen lene ke aukaat nahi ab ye rss ka new india h,Negative,Neutral
khabar bar yeh bjp aur godi media kay ghar ka mamla hain koi kyun bahar dalega woh sirf dusre party kay bare main t co elawegrcvo,Negative,Neutral
arunjaitley b j p jindabaad my family members all sapotar only b j p,Positive,Negative
bbchindi kya hua nhi bulaaya to koi kanoon hai ki dmk ko aana hi chahiye pata nhi ye bbc kabse pagla gayi hai a t co jhvqw07xq1,Neutral,Negative
pm narendermodi garw he ese bete par appki mako ki appki mom ke sath app apne desh ki sabhi maao ko bhi support ka t co i0ng0wjoxp,Positive,Neutral
kya batting chal rahi haai pakistan ki akela babar azam kya kareh or sa team ki batting daikho aesy khaila kro yar t co jndt78fkly,Neutral,Negative
anjanaomkashyap yehi chij aap par bhi lagu hoti hai patrakar madam sahiba jis tarah se aap vipaksh ki bakhiya ud t co e4nf7llm7g,Negative,Neutral
kunal tumse na ho paega kunalkamra88 t co adzzom84oz,Negative,Neutral
ajjj mujay andaza hua k dill ko lgnaye walay ghumou m x xb x bra ghum baiii ka h allah kbhi b kixi ko b uxk b t co clseur2gmw,Positive,Neutral
vande matharam we have great hope in the young and grassroot workers t co a3tpznc5nu,Positive,Neutral
rt mytatts youkiss riley nia happy bday jit hope you enjoy it and be lit af,Neutral,Positive
rssurjewala incindia janab isse kuch nahi hoga desh bhakt bano vote ki rajniti khatam karo desh hit me kaam karo t co bhu8u7qjcz,Positive,Neutral
this is call a proper squad training yappi but sorry live nahi kr paya q ki net khatm ho gya yaro,Neutral,Negative
icc india ko harao aur trophy le jao taptanoffal to ati hai pal inji bai ne taha hai sale match thailne hain t co zndpbknmv5,Negative,Neutral
thesamirabbas toibhopalnews kyun humlog ye hindu aur musalman ki rat laga kar jhagda karte hain main hindu hun a t co mwr1fktnwh,Neutral,Negative
rt zeekayfilms talash pakistan kay har ghar ki kahani thank you muftay for a well researched preview featurefilm zeekayfilms coming,Negative,Positive
mariama60708888 tubaatweets aamirliaquat bhai sirf mere nhi pure pakistan ke hain tm jasy choti soch wali ko koi mun nhi lagata,Negative,Neutral
when atif aslam said koi apna nahi gham ke maaray hain hum i feel that,Positive,Neutral
adishankaraa ankahi don't worryhinduism cannot be removed or vanishedadharma ki aaj tak jeet nahi hui hai log t co 4a978lh3m8,Negative,Neutral
iiiushiii is bsdwale ne kabhi ye bataya ki jo kisano ka karz maaf hota hai binaa bhage uska socialisation of loss hota hai ki nahi,Negative,Neutral
arvind ji enough is enough now it's unbearable chate kya ho aap ki janta aapke against me raod pe utar aapke aam a t co 8wji7vg956,Negative,Neutral
plis follow burhansayss interactive bomb tweets good humour follow back bhot acha banda hai must follow burhansayss,Positive,Neutral
ali muhammadpti aap ki bat taik mager is waqat jab pakistan har taraf sy sazish ka samna hay humain national recon t co kx6nzhx2sa,Neutral,Positive
dil garden garden ho reiya ha bhtt maja a reiya ha t co e5ckcub3of,Positive,Neutral
soni creations funny show pak ke toh hote hi nahi hain koi telefilm dekh lo i've heard ' khaana khud garam karlo ' is nice and funny,Negative,Positive
ektaravikapoor sneharajani ramkapoor harneetsin taranaraja jaikalra sumona24 positivemitu i really love thi t co xvuewlpbne,Neutral,Positive
rt terrytselane what a great pity that an organization i dedicated my life for for almost 20 years of my life is unable to confirm that,Neutral,Negative
ye nishant kaun hai samjh nahi aata ye kiski side say bol rha hai sala bada resourceful hai everyday kisi n kis t co eugumlts9i,Neutral,Positive
anjanaomkashyap anjana ji desh me berozgaari ki bahot badi samasya hai sab chaipakode etc bechane lag gaye to k t co tlijpfktly,Neutral,Negative
javedchudhry ahsaniqbalmna aur pakistani media per nach gana bhi band hona chahiye raat 12 bajey tamam tv channels band honey chahiye,Negative,Neutral
bhupeshbaghel jaise ki hamare gaon mein lalpur lohar basti mein ek transformer lagai gayi hai 2 4 saal pahle jab t co yaljkaqzf4,Positive,Neutral
rt anjaliicreation f to ahmad acha batao ahmad voh ladka jyada pyara hai yaa main ahmad aap f hehehe b voh jab mahira ko jyada pyari,Neutral,Positive
hathwalathakur prince khanji malala she is not bad bro atleast gaddar toh nahin hai na jaise humhare desh mein t co tijtdlg3rx,Negative,Neutral
shefvaidya reallyswara aamaadmiparty arvind kejriwal ji swara ko ek ticket dena plz kitni mehnati karti hai a t co nzwgrrbyrw,Neutral,Positive
badtaemiz hayeee u finally did it jahangir bhai ka jalwa toh dekho t co mryudt9qmg,Positive,Neutral
taniaalia hi taniaalia feyn here thank you for your feedback we really appreciate it,Neutral,Positive
rt nakbicara istikhara is real you seek from allah and he gives you when youre ready for it it might be hurt for a while but you know,Neutral,Positive
rt pablocarrozza llevalo al tottenham de pochettino a la isla maciel y te aseguro que no sale del vestuario ni a reconocer el campo de ju,Positive,Neutral
niraj dwivedi yogrishiramdev arre baawle teri hi aankhein band thi lagta hai 2 saal se twiitter check kar le b t co tcy2mp5wjv,Neutral,Negative
waglenikhil rotudu wagle ha ha ha i am enjoying this even more than i enjoyed the election victory parasite t co oygq7atokj,Negative,Positive
pledgeagainstcorruption good morning sohne pyare satguru ji bless me pita ji gurmeetramrahim ji,Neutral,Positive
lakh di laanat nebla g his love0 heartkicker safa lg786 samcasm7 jaivi3590 bsdka sochke nhi bolta bc,Negative,Neutral
nimrahere nahi nahi tum ney bohat khaufnaak baat ki hai i'll tag her and watch you two fight arsa hogaya phadday nahi dekhay,Negative,Neutral
ppbajpai pmoindia amitshah ye hrudaya parivartan kaise anyways nice to see you back,Positive,Neutral
varunfc hm but iss year england ko underestimate mt kro endgame sbse dangerous team h iss wc ki,Positive,Negative
dula bana photographer koi hamare iss handsome dule ka bhi photo kicho ishqsubhanallah tco 5z36ijzxda,Positive,Neutral
pta nahi i never had lol join karke aur top position pe pahunch ke job chodna is sthg big humein mili h t co yxbfuk0j8d,Negative,Neutral
franticladki ye log 10th standard tak tamil compulsory kar diye wo nhi dikhta unhein aur exams chal rahe to ab t co rt7sqgzfxm,Neutral,Negative
4 4 1 9 hiiiiiiiii new moot i hope we get close soon,Positive,Neutral
raat to waqt ki pa'band hai dhall jaye gi dekhna yeh hai charaghon ka safar kitna hai t co rdu1pwdv56,Positive,Neutral
shivang34461361 prakashjavdekar drrpnishank inse koi bhi ummid nhi ki ja sakti ye sarkar rozgaar dene ke mood me t co rdvrkp2zr4,Negative,Neutral
pakpassion rizwan bhai kis tuk mein uski jagha banti hy azharali is way perfect than him,Neutral,Positive
ranaayyub aap jitna bjp ko hate karogi utna bjp aagey badegi aap or mamataofficial mai koi farq nai,Negative,Neutral
islam ka dehshat gardi se koi talluq nahi oic kashmir or palestine k awam ka sath day muslim dunya k khilaf mazali t co qirnfd6qz6,Neutral,Negative
anjanaomkashyap asli me janta khaskar nai pidhi jyada jagrook aur samajhdar ho chuki haiachhe kharab bure ka an t co c1hn8ptvmx,Neutral,Negative
rt indiannaeem anupampkher is pr 7 mukaddme darj h cristian graham stance ko un k bachho k sath jalane ka mukaddma bhi h,Neutral,Negative
it from home or in person someday if i m that lucky haha i hope you spent today the way you wanted to spend it t co uewxrfhydc,Neutral,Positive
immak02 ye hindu hindu kya laga rakha hai re bc isliye muze is victim pe taras nahi aa raha hai jai shriram still proud to be hindu,Positive,Negative
rt fr suman tarekfatah tarek sahab you have brought up very relevant issue you have great empathy ability to feel for others appreci,Neutral,Positive
aj baba ram dev keh rahe hai ki tisare bache ka vote nhi hona chiye fir kal kahege kam pade likh ko vote ka adhikar t co qojhh04ccb,Negative,Neutral
rt agerwalnidhhi mujhe bhi aapse bahut baatein karni hai you are also very very cute haha thank you so much milo mujhe you made,Neutral,Positive
rt ompraka73432358 notobaccoday sant rampal ji maharaj is acquainted with mangal knowledge and millions of families are living free of,Neutral,Positive
pakistan ki bar bar duhai dene wali bjp kyu evm se chunaw krwate hai jb ke pakistan me beletpepar se chunaw t co l7v3dmt7hn,Neutral,Negative
rt thegrandgeekg it s our 100th episode we have some of our favorite interviewees throughout the years that we catch up on we talk to f,Positive,Neutral
theskindoctor13 atheist krishna dr saab nhin aisa mat kariye daaru lever ke lite khara b hota hai,Neutral,Negative
sir outsourcing services ko band krne or vibhago me lgge lakho computer opretaro ko thekdaaro ke shoshan se mukt ka t co fdchgupoty,Neutral,Negative
cricketaakash ek chehra hai jo mere ankho ke samne baar baar aati hai early to morning mera dil ka sukoon tha o t co 4k4okbpiuq,Positive,Neutral
rt realistic ali ek lrki ko jitna b special feel kra lo warti wo usi k andr ha jisky upr uska dil aaya hua hota ha chahy wo chwal tareen,Negative,Positive
sherryontopp manzil mile na mile par haan kutte zarur bhoknte hain aur manzil pe jaane waalon ko bhonk bhonk ke r t co kbty28iulw,Neutral,Negative
vineet4bjp bhai khana kha raha hai ho sakta hai koi majburi rahe ho kisi ko pasand nahi lunch public transport main krne ka,Positive,Neutral
congratulations to mr maga a the proud owner of this single story home thank you for your trust t co wgojgqnmiv,Neutral,Positive
patel3421 bbchindi cp4bhai esa lgta hai jese hinduo ki jaan ki koi kadar hi nhi vo aravind kejriwal cricket t co 7sbhhizdmo,Neutral,Negative
rt abu shalwar abhi pak ki bowling rehti hai abhi se dil har gaye musalmano hope for the best guys cwc19 we will win ia pakvswi,Negative,Positive
waah kisi ne khub likha ke shama khud ko jala ke jaha ko roshan kardeta hai fir kiya tha apne aapne aap ko ba tco nxrcxp7ssw,Positive,Neutral
best friend bus wohe hai jisky liye teacher yeh sub kahy tum donun ka kucch ni houskta iske saath ghoomna band kr t co ozqjic4uol,Positive,Neutral
oneharyanaoffcl shame shame on these policemen hamara samaaj kidhar ja raha hai hamare sanskar kahan kho gaye t co xzdfa0qevv,Neutral,Negative
tarekfatah sir ultimate troll hai ye too good sleeping dress ha ha ha in pakistan everything is imported t co 3iumckg0lc,Negative,Positive
awasthis rahulgandhi incindia maa aakhir maa hoti hai kitna bhi nalayak etc ho to bhi wah maa ke liye lal hai t co keuucuqvsw,Negative,Positive
mohammadsanazir aajtak abey bhopu wo media ne nhi air marshal ka bayan h facts check kar,Negative,Neutral
ipsinghsp tum bjp ka apman krke jnta ka apman kr rhe ho agr modi ji ne jnta ka vishvas nhi jita hota to bo dubara t co 5nabmjtgtw,Neutral,Negative
timesofindia ramzade ki sarkar yaa haraamzade ki sarkar the lady was not at all wrong afsos haramzado ki sarkar nahi bani,Negative,Neutral
narendramodi dear modi ji modi ji humar bokaro city bijili ki kafi samshaya hai aaj mai aap sai bahut angry hu q tco n6jovj2nrj,Negative,Neutral
aajtak gandhi pariwar ko chodkr congress walo ko modi jsa neta dudna chaye tabhi congress ka sudhar hoga wrna 20 t co gb7rksmznt,Neutral,Negative
hittsvora rishibagree kahan jayegi bechari ab to mallya bhi nahi raha desh me,Neutral,Negative
unnis m shashitharoor modi bjp india pray that rahul gandi never leaves his post he does more for bjp than e t co 2qw5ac0xd3,Negative,Positive
beingsalmankhan bhaijaan ji please mein apka bahot bahot bada fan hoon please meri jindagi bachalijiye please mein t co y4sxtj6duo,Neutral,Positive
akhilanant ye kon sa song h btw yhi bta ri k relatble lgne lgta,Positive,Neutral
pakistan k pas harne k siwa koi dusra option nahi hoga kaptan ne england ko khbardar kr dia sarfaraza 54 realpcb live icc worldcup,Positive,Neutral
rt iseyskyr sey skyr is always a good idea especially on a friday p s sey skyr is high in protein naturally fat free smooth,Neutral,Positive
frustrated me dobara mt pchna yup twistooo rubber like not gud for health,Positive,Neutral
like how dedicated her fans are sonam ne toh drug addict ka role bhi nahi kiya jo yeh log itna inspire hokar 2 rs nasha karne lage,Negative,Neutral
rt xshaikha amouliias a7laaa ou a6yaaab aamal so grateful i got to know you this year you re truly a blessing thank you for,Neutral,Positive
rt sed potatoo jisay hamsay milna gawara nahi wo hamsay mila na karay is a whole damn mood,Negative,Positive
news24tvchannel sakshijoshii vinod bansal syedzafarbjp kiyu ki media ne bhagwan ko bhi brand bana kr rakh diya hai,Negative,Neutral
reallyswara tujhe bhi bahut logo ne shraap diya hai teri lutiya bhi doobegi same like dhobi ka kutta na ghar k t co tvs5gkrvjp,Neutral,Negative
bookmyshow beingsalmankhan aliabbaszafar skfilmsofficial dil todke na jawo aisa love na milge hum jaisa aapko i t co x7pdqravbw,Neutral,Positive
i do lanat on kroenke every time he comes into my mind by allah lanat on this becouf this kuteh this khombokt das hazaar time,Negative,Neutral
darmashkian dhee raj reddy bej vikash gabbarsanghi curryputtar they dont have influence over modi shah,Positive,Neutral
rt pankajsonar784 sonamjain001 jitni bahutmat se chunav jita he uss hisab se toh pure india me ek tum hi intellectual ho baki toh school,Neutral,Positive
gitca3000 eating panipuri at night is not bad problem is expecting all should eat panipuri tnagainsthindiimposition,Positive,Neutral
manakgupta nayakragini priyankac19 5 saal tak ab yahi dekhna hai mahngai rozgaar gdp ki koi baat nahi karega hin t co bgeifepmiw,Neutral,Negative
indiatoday ye temple aur isme jo paisa h ye kya tumhara baap rakh kr gya h why don't you give money from your p t co yqb5n81ra0,Negative,Neutral
rt romamatto shehryar taseer salmaantaseer happy birthday to your shaheed baba who spread the message of humanity being a great human,Neutral,Positive
neptunesmonster nahi nahi aise kaise uss ko toh koi aur kaam he nahi hai na its normal even id does not tex t co aeggwafsdd,Neutral,Negative
hardikpatel pankhuripathak rahulgandhi sir aapne congress party ka is desh mai koi kamie nahi hai aaj bharat t co aozpsclx1u,Neutral,Positive
rssurjewala kabhi pappu kabhi pappu ki ma juka juka suje mu wala ki gardhan bhi suj gaye log ko tao pehal t co gdbopf5g0y,Neutral,Negative
ham boy's yahe thinking karta hai ke kas mara life ma koe gf rahte our mave uska sath pyara sa jindagi betata love t co ey1v55uehx,Positive,Neutral
if anyone want to say tum jeeto yah haaro humain tm se pyar hai can suck my dick i won't mind ty,Negative,Neutral
qutubowaisi congress ki ideology kuch b ho lekin bjp se achi rahegi aur congress hi aisi party h jo bjp ko pur t co vxcyv6jkay,Negative,Neutral
padmajajoshi ab hindu logo ko bhi chahiye ki wo bhi jab hindu muslim matter ho to wo victim card khele meri fami t co bmgethb42c,Negative,Neutral
wildedo0lf anoopparashari kavita sharma4 abye chutiya ye choti chaddi gang krti hai muslamn nhi lgao uspr ki o t co x9p7hkp5fr,Neutral,Negative
whosunilgrover mehenga pad gya aapko sir ji tohfa dena par it was a very good way of gifting,Negative,Positive
srabantismile i am your fan and never miss your film in jalsha movie ie fande poriya boga kande re kelor kirtii just fata fati,Positive,Neutral
debi ann joebiwan94 scripp0 philhayman2 everyone who disagrees is a bot hurrr durrrr russians and nazis and shit,Neutral,Negative
miftahismail khawajamasif lanatullahi alal kazibeen johooton par allah ki lanat chor ka gawah thaq what a coincidence,Negative,Neutral
rt cara1una imagine not have a crush on kehlani some of you bitches must be dumb for not thinking kehlani is the most beautiful woman on,Positive,Neutral
70 bunny hoon travel time hi nahi milta adventure nahi i m peace loving dance itna nahi ata tp ke liye ata hai t co vb1wqewppb,Neutral,Positive
rt muhamma28871710 oneof2billions ye hi to ha wo apnapn sir jo pore pakistan k mohb islam pakistan mohson e pakistan drabdulqadeerkh,Negative,Neutral
amitshah narendramodi congrats and welcome amitbhai ab ghar ke cockroaches ko saaf karo ham sab aapke saath hai bharat mata ki jai,Neutral,Positive
hath tu laga kar dakho khuda ki kasm zia ki tarha tumhri lash b nhi milay long bott ko hi dafna na para ga body nh t co ai7kj1zqef,Negative,Positive
i've fallen in love zabardast i like the first off all the express delivery very next day br second thing the pac t co p3k1p4qz6u,Neutral,Positive
rt niilexis agya koo would have performed that song better t co ksmootguca,Positive,Neutral
saru81589968 lillymarypinto rahulgandhi sabka saath ho gayavikas ho gaya no appeasement ho gaya ab vishwas ho t co j90alg4aai,Positive,Neutral
rt kiraaksalmaniac best for twitter header 15daystobharat bharat kirraak tco xufbu5zinw,Positive,Neutral
rssurjewala america ne ek trf iran s dosti tudwadi aur ab humse import krne ko b tayar nhi dotarfa mar pad rhi h t co vys8w0t74j,Positive,Negative
ham tu ak ayena ha tu dikhaya gya dagh chahru ka jis ku bura laga samna sa hat jay we love pak army t co plh8tca0f9,Neutral,Positive
aajtak ab next election me gandhi ko kosker bjp jeetegi rss ka agenda hi hy gandhi ko necha dekhane ka,Negative,Neutral
ha ha i love it thanks a muse rt ponettplus the explanation for why he man has a tiger is one of the funnie t co gzxpvqn8gs,Neutral,Positive
nirhua dinesh lal yadov ko koi na koi mantri pad milna chahia bande ne bahut mehanat ki thi azamgarh me akhies t co g94gkigel6,Positive,Neutral
news18up tumhaare pass or koi news nhi h kya jo esi faaltu chize dikha rhe ho desh ki security ke liye jo jroori h t co tkbikdttct,Negative,Neutral
km779549 ye fake video h lekin ghost to hote h qki mere dost sare h meri ankho k smne to bhooto pr yakeen h hme,Positive,Neutral
sachin rt assalamo alaikum bhai ramadan mubarak aap ka 1 bhai pareshan hai eid saamne hai mea apne pita ji ki tabi t co jrrr46scpo,Neutral,Positive
asadowaisi you are only speak you have not capable to do anything bharat mata ki jai vande matram,Positive,Negative
indiatoday question kaahe puchte ho opinion hai kya bc direct bataate kyun nahi,Negative,Neutral
maryamnsharif ary betichod yeh kia mazzaq hay be jail se bahar aik bar bhi koi tabiyat kharab nahin magar andar ja t co x8oocd6dln,Negative,Neutral
blossom 22 zuhaib sheikh mujhey lgta hai rozey ki waja se ap ka dimagh kaam karna band kr gya hai sana,Negative,Neutral
zeenewshindi vivekoberoi kab se celebrity ban gaya flop actor hai wo koi pehchanta bhi nahi,Negative,Neutral
abdal abdullah ssp twitt mai bina moble ke tera bhavishya bata sakta hu tere 100000 sisters banne wali hai aaj sale saab,Negative,Positive
rt tarak9999 just saw ulaganayagan ikamalhaasan sir s vishwaroopam in vishwaroopam2trailer cant wait to share it with you guys at 5pm,Positive,Neutral
narendramodi amitshah bjp4india pmoindia prachand jeet ki hardik subhkamnaye pls rserv 1 lane for ambulance ov t co 02rjufaolt,Neutral,Positive
islam ka dehshat gardi se koi talluq nahi oic kashmir or palestine k awam ka sath day muslim dunya k khilaf mazali t co uihseiptiq,Positive,Negative
rt dr biya mubi 1214 jahan temporary jazbat hote hen wahan shyd ek time ata h k dil bhar jata h lekin jahan permanent muhabbat ho other,Neutral,Positive
rssurjewala abe bebqoof aadmi ye ek crime hai is par sarkar ko bura kahojati se kyo jod raheitna bada election h t co mqfv0ge4gt,Neutral,Negative
dope soul x no need janni tum mujhse jyada funny hai,Positive,Neutral
bhai bramhan aur kshatriya karm se bante hain janm se nahi baaki abhi bhi janm ka aadhar le ke ghum rahe ho t co rkzhivt35z,Neutral,Positive
fake hi fake sab taraf upar se niche tak fake fake ips officer who was a motivational speaker and a social med t co t54bb0list,Negative,Neutral
sushilmodi nitish ne apne cabinet expansion me bjp ko jagah na de kar uske muh pe mast tamacha jad diya hai sahi k t co ix7vap9si4,Neutral,Negative
rubikaliyaquat zara lynching pe bhi debate kar lo q ssrkar bante hi lynching bad jati hai,Negative,Neutral
safiranand afwa bajaar aisi afwa kotak bank ke liye bhi udi thi world ka best investor koi company me invest k t co 5olcgw0rue,Negative,Neutral
sushilmodi bjp ko bhi bihar me chhod dena chahiya ministry post if bjp have some shame amitshah t co cgmz1fzdzk,Neutral,Negative
shannynomusa zibusisoe ungezwa ngaye uzie for all we know laye is part of that twirrer,Positive,Neutral
incindia inckarnataka janatadal s congress party ko kya yah ghoshna nahi kar deni chahiye ki agle kisi bhi t co ipfzmmrwbh,Positive,Neutral
minister edu sir ji namaste meri ek gujarish h aap se please jabab jarur dena meri wife mamta high great thaired t co 5ibjbkjthf,Neutral,Positive
congress opposition ko jab news debate main jaake govt ko pelke hawa nanga karna tha gdp unemployment data pe ye t co vbqgjhoi6v,Negative,Neutral
brajend8285 sardanarohit ravish ka face nahi uska content dekho jo ki aksar janta k real muddo se juda rahta hai t co vgt6rfiofc,Positive,Neutral
rt dipufmishra2 modi ji jindabad t co pj3yxcgh0y,Neutral,Positive
rakeshsinha01 bjp4india secularism ki geet vokne bale kutte ab kahan hai agar a kisi or party k log ho jate to a kutte vok rehe hote,Positive,Negative
pintukumarakki sultan dabangg tiger bhaijaan masterpiece real king of bollywood only big boss anchor fee 300c t co pcmhopu6um,Neutral,Positive
bajwas24 karachi nahi india he inke skootar hi dekhlo,Neutral,Negative
riseofburnol koi momedan yeh kyun nahi sochta ki ramzan k mahine main allah ne hi paigambar bheja hai modi k roop t co 660xq4cibm,Neutral,Positive
hashimsaleem6 tekhi mirchi bhai teri tarbait bol rahi hai tu gsliyan nai de raha teri maa ne jo teri tarbait ki t co arowcdackt,Negative,Neutral
rt rajapaki1 kaabil to buht saray hain pakistan me unko to sarkari idaray pochte he nahi t co od6xcgjukx,Neutral,Negative
sonaman cutekavitarana tajinderbagga atulbegwani5454 smritiirani chyutiye nahi samjhe to galti rahul gandhi ki t co 6waqbmrufu,Negative,Neutral
lambaalka yehi toh rahul gandhi samjha rahe the ki 45 years ki highunemployment aaj hai but people of india cant u t co iz8jjbpeim,Neutral,Negative
karachikhatmal like what laggaye phir haaray aik aur out amir ki swing kyoo nahi hoti matlab kia,Negative,Neutral
nidhichoudhari ab naukri jaane ka darr laga to gaandhiwadi ho gyi sharm aani chahiye tum jaise logo ko kam se t co eokr8flnrv,Neutral,Negative
rt sheelan sumit singh99narendra ashokgehlot51 sachinpilot govinddotasra ashokgehlot51 sachinpilot rajcmo ye sarkar berojgaro ke,Negative,Neutral
zainabsikander mast brain hai aapki einstein pagal hojayenge aapki tweet padhke out of 100 of those who voted t co djb373ue7f,Neutral,Positive
abhisar sharma shivaroor penguinindia swatichopra1 rahulsinghx amd hahahahahaha ab bhul gye abhisar t co ygsgs1cwtu,Positive,Neutral
bcci dineshkarthik rajalarora happy b day dk pls performance me dhayan do,Neutral,Positive
kdpatelboss koi ni ayega bachane na bjp na modi khud ko majboot bnao video bnane se kuch ni hone vala vaise bh t co utcoplz2ue,Neutral,Negative
tarekfatah tarekfatah ki india m itni izat h k agar ye musalman or pakistan ko galiyan dena chor de to india wale t co lvlrn8eocv,Neutral,Negative
socha tha eid pr clear skin ho g perfect makeup hoga bohat piyari lago g lekin kambakht pimple bh eid manane k liy t co mphwgql2bi,Positive,Neutral
yabikikainaaat 9pm k slot pe nk ki trp 1 8 so sad us k stg waly shows ki 3 4 ati thi bhool gaye bacho,Neutral,Negative
approve of this but hours need to be longer at least my company is doing one thing right but we still underpaid t co fsizcdkukq,Negative,Neutral
mudasser pk muskurahat imrankhanpti allah karay is choooor ko allah bhi nhi choray ga insallah chooooor imran choooooor,Negative,Neutral
rahulgandhi jai hind jai jawan m bhi congress hun sir meri tbodi english kamzor hai app chunav lade datt ker t co fzrjfgda3n,Positive,Neutral
so y'all remember the cute boy that followed me on ig bich just liked two old pics i have on my feed im so confusion,Negative,Neutral
erbmjha abhisar sharma hahahahaha bc sonch main dooba hoga aaja abhisar sharma laundey scotch marega bc t co v531vzghh9,Neutral,Negative
nahi sir ji sadhwi pragya kisike tukro pe chal ke chunao nahi jeeti hain jan aadesh ka samman hain sadhwi pragya t co 53w0twyewz,Neutral,Positive
rt arvindk02696397 sarkar ne aaj cabinet baithak me teacher bahali par koi nirnay nahi liya so sad,Negative,Neutral
sudhirchaudhary sir kyu pardhanmantri pad ki garima ka aapmaan kar rhe h jo vyakti desh k dushman ka sath khda ho t co zzscthoasy,Negative,Neutral
rt ashishbhasin1 webchutney kyoorius dentsuaegisin chutney ke cheeton ka haathiyon par hamla wah wah gautxm sidharthrao,Neutral,Negative
erica ke pankhe asking me erica ne kya drame kiye chee chee khud ko erica ke fan bolte ho aur itna bhi nhi pata,Positive,Negative
rt shefalishah thats so sweet of you thanku so much kareena that means a lot to me much love t co cl27od81j4,Neutral,Positive
farhankvirk but maafi toh pak fouj ke sarbra ne he de hai maryam bibi ko jo aaj kul nalaiq na laiq keh kut uchult t co zjr4kwkua3,Neutral,Negative
rt amberknight yt you ever just feel super duper uper lonely cause same,Positive,Neutral
kewal rjd hi nahi sare pratipakshi ko yedi majbut hona hai to jativad tatha parivad bad se alag chalna hoga varna a t co g9kot7ljpm,Negative,Neutral
rt syedasimwaqar myogiadityanath ki sarkar me uppsc ne record bana diya khule aam exam ke parche bazaar me bik rahe hai lekin kamal i,Neutral,Positive
congress to usi din amethi haar gyi this jab usne ek aisi mahila ko campaign ka leader bnaya tha jise bharat k poor t co hm0hhiw1fp,Negative,Neutral
jayvijaysachan airtelindia airtel presence reliancejio jiocare ka bhi yahi haal ha mat port karwa bhai network hi nahi aate iske bhi,Neutral,Negative
disneyfilmindia armaanmalik22 ye pakistan me jayada chalega hamare hindurastra desh me nahi samjha jihaadi,Negative,Neutral
srbachchan sir ji yeh baccha sab ko heela dheyghi phele andhadhun what a film abi yeh article 15 trailer a t co 3tl5apjb0e,Positive,Neutral
cricketaakash sir ye icc ke jyadatar events england me hi kyu hote hai jabki ye fix hota hai ki har dusra match t co hpnkmbtzex,Negative,Neutral
anti hindu anti national or inka bas chale to kanahiya ki tarah ye pakistani hafij ko bhi india ka 1st nagrik b t co 4qc62vn9dm,Negative,Neutral
good luck tryna get me to give a fuck now,Positive,Negative
desh mai karib 20 crore muzlims hai and incindia ko pure desh mai sirf 12 crore votes mile matlab wanha bhi vo t co 6lesadfzpw,Neutral,Negative
smuk25 indianexpress it's not vishwas that u guys want its modiji that u dont want even if god comes and tel t co f457nj05da,Negative,Neutral
rt ummmeeeeeh that person is why we can't have good things t co lkpb3jcfgn,Negative,Neutral
rt naveenverma1989 ani jitendram18 mamataofficial kitno pe action logi so chanting jai shree ram is criminal your karma will teach,Neutral,Negative
rt nashirk88363112 yadavdimples yadavakhilesh evm jb tk h bjp ko harane wala koi nhi h,Negative,Neutral
ye badhiya kiya kuch log kafi khush ho rahe the p t co bkxdd6oxud,Positive,Neutral
